{"cameraMode":{"drawMode":0,"name":"Shaded","section":"Shading Mode"},"sceneLighting":false,"audioPlay":false,"sceneViewState":{"m_AlwaysRefresh":false,"showFog":true,"showSkybox":false,"showFlares":true,"showImageEffects":true,"showParticleSystems":true,"showVisualEffectGraphs":true,"m_FxEnabled":true},"in2DMode":false,"pivot":{"x":0.42582327127456667,"y":2.2816121578216554,"z":-0.7881105542182922},"rotation":{"x":-0.21776790916919709,"y":0.16048698127269746,"z":-0.036327432841062549,"w":-0.9620358943939209},"size":1.4681851863861085,"orthographic":false}